{"test_loss": 0.1333996206521988, "test_loss_motion": 0.08763324469327927, "test_loss_commit": 2.1894149780273438, "test_loss_vel": 0.003956176340579987, "test_perplexity": 12.26561450958252, "epoch": 0, "trainer/global_step": 0, "_timestamp": 1722311156.307351, "_runtime": 3.398078203201294, "_step": 0, "_wandb": {"runtime": 2}}