{"test_loss": 0.4206940829753876, "test_loss_motion": 0.3714597523212433, "test_loss_commit": 0.04690149426460266, "test_loss_vel": 0.0023328750394284725, "test_perplexity": 5.562065124511719, "epoch": 0, "trainer/global_step": 0, "_timestamp": 1722226996.832542, "_runtime": 24.604429960250854, "_step": 3, "test/video_sample_0": {"_type": "video-file", "sha256": "9e06aa569b9dc658d855683a810143d2985cab8dbb47a5ebc561f6c124b13341", "size": 65293, "path": "media/videos/test/video_sample_0_3_9e06aa569b9dc658d855.mp4"}, "_wandb": {"runtime": 23}}