{"test_loss": 0.21317851543426514, "test_loss_motion": 0.14997638761997223, "test_loss_commit": 0.06100994348526001, "test_loss_vel": 0.002192195737734437, "test_perplexity": 6.655680179595947, "epoch": 0, "trainer/global_step": 0, "_timestamp": 1722230815.2413075, "_runtime": 24.004188537597656, "_step": 3, "test/video_sample_0": {"_type": "video-file", "sha256": "2ad1691ed5ec30816124d095a84b1bc14d37716639fb98b048031511d6cdb776", "size": 74161, "path": "media/videos/test/video_sample_0_3_2ad1691ed5ec30816124.mp4"}, "_wandb": {"runtime": 22}}