{"test_loss": 0.1333996206521988, "test_loss_motion": 0.08763324469327927, "test_loss_commit": 2.1894149780273438, "test_loss_vel": 0.003956176340579987, "test_perplexity": 12.26561450958252, "epoch": 0, "trainer/global_step": 0, "_timestamp": 1722312735.851538, "_runtime": 10.449077844619751, "_step": 1, "test/video_sample_0_batch_0": {"_type": "video-file", "sha256": "c016598c5a0564fbf1316b8a1a3f362a5da92ed6af37ceedee4b7d44136fe25b", "size": 73259, "path": "media/videos/test/video_sample_0_batch_0_1_c016598c5a0564fbf131.mp4", "caption": "Tokens: 80, 1, 34, 179, 100, 117, 54, 87, 56, 121, 170, 59, 28, 29, 254, 95"}, "_wandb": {"runtime": 9}}