{"test_loss": 0.1333996206521988, "test_loss_motion": 0.08763324469327927, "test_loss_commit": 0.04378829896450043, "test_loss_vel": 0.0019780881702899933, "test_perplexity": 12.26561450958252, "epoch": 0, "trainer/global_step": 0, "_timestamp": 1722231252.395099, "_runtime": 24.874321937561035, "_step": 3, "test/video_sample_0": {"_type": "video-file", "sha256": "a20628e292fbbfd13c261f5d717b019cc4e0a99f2458e3d873610a6c8062607a", "size": 76761, "path": "media/videos/test/video_sample_0_3_a20628e292fbbfd13c26.mp4"}, "_wandb": {"runtime": 23}}